x,y,z,rad,r,g,b,i,vx,vy,vz
0.112036,0.528529,-0.00161915,0.0727,0.783016,0.589611,0.198103,0.783016,0,0,0
0.165263,0.527729,-0.15637,0.0898,0.531481,0.315272,0.786214,0.531481,0,0,0
-0.250956,-0.3691,-0.654625,0.0504,0.12182,0.982419,0.141468,0.12182,0,0,0
-0.0588523,-0.365407,0.429838,0.0553,0.468844,0.0965784,0.877985,0.468844,0,0,0
0.0827642,0.533038,-0.301041,0.0507,0.681655,0.706379,0.190722,0.681655,0,0,0
